,user.followers_count,user.friends_count,user.listed_count,user.favourites_count,user.verified,created_at,full_text,id,sentiment
2,100118,16904,2245,143849,True,Tue Jun 08 23:15:33 +0000 2021,"Hey #APES #AMCARMY: @TND and @janjeffcoat are having me on tomorrow morning at 8:40 a ET. What is it that you want to let America know about your purpose and fight? Reply to LMK so I can rep tomorrow!  

$AMC $GME #dumbmoney #AMCAPES #apestogetherstrong #NakedShorts",1402403955355815939,-0.3382
1,100118,16904,2245,143849,True,Wed Jun 09 14:20:04 +0000 2021,This morning I talked about what the #ApeArmy and retail investors are fighting for... $AMC $GME #apestogetherstrong #APES #AMCArmy #dumbmoney #NakedShorts #FinancialTreason https://t.co/NhnKkXmDHm,1402631585598431243,-0.3182
75,32540,36,192,9131,False,Wed Jun 09 20:40:59 +0000 2021,El after hour de $GME es de locos.,1402727445611098119,0.0
0,26862,2007,593,7174,True,Tue Jun 08 19:28:37 +0000 2021,"@S3Partners ""Squeeze Score"" of 10/10

(Companies with the highest potential for a short squeeze)

$AMC 
$GME
$CLOV
$BYND
$SKLZ
$SPCE
$UPST
$BBBY
$MVIS
$NKLA",1402346848824836098,0.2263
12,23661,116,76,7279,False,Wed Jun 09 20:42:10 +0000 2021,"Alright here we are: vote count
It's interesting...

https://t.co/KKmztd5blW

#GME $GME #SUPERSTONK",1402727746128605187,0.25
99,22210,4255,186,7796,False,Wed Jun 09 20:40:30 +0000 2021,"Would bet big money that if SEC did a serious probe into $GME trading, they would find painting of the tape activity among whales in dark pools or elsewhere and criminal social media manipulation. #GameStomp",1402727323682623488,-0.6486
51,16728,32,153,12149,False,Wed Jun 09 20:41:28 +0000 2021,Alert [Press/News Current Report] / Form 8-K filed with the SEC  $GME $GMEB GameStop Corp  https://t.co/LQEkvCdDZq,1402727570982903809,-0.1027
66,14070,181,251,102,False,Wed Jun 09 20:41:12 +0000 2021,"GameStop Stock Falls On Q1 Results; New CEO, CFO From Amazon To Make E-Commerce Push $GME $AMZN $PG https://t.co/Z5Kf8fLaIe",1402727502867582978,0.1779
24,13971,209,74,11654,False,Wed Jun 09 20:41:58 +0000 2021,"$GME Earnings: Net Sales Grew 25% to $1.3B

https://t.co/PkMfLe0mrK",1402727693615984640,0.2023
98,13629,439,39,7886,False,Wed Jun 09 20:40:30 +0000 2021,RT @JamesCullenB: Anyone panic selling $AMC right now is cray. Im still holding FULL. Gonna run it up. $100+ easily attainable but we gonna‚Ä¶,1402727326161330177,-0.1154
28,11958,0,155,7561,False,Wed Jun 09 20:41:53 +0000 2021,"RT @dtradehunter: $NAKD
$NAKD is due for a short squeeze! Come on apes...
$zom $clov $amc $gme $bb",1402727675014389766,0.2942
5,7355,44,216,1762,False,Wed Jun 09 20:42:16 +0000 2021,what time everyone remember numbers don't matter &amp; $GME reverses,1402727769226846215,-0.0191
9,6437,10,180,1899,False,Wed Jun 09 20:42:13 +0000 2021,$GME GameStop Releases First Quarter 2021 Financial Results https://t.co/3jA2eFEDwH,1402727759173017603,0.0
20,5124,77,70,47,False,Wed Jun 09 20:42:02 +0000 2021,"#GameStop $GME Q1 EPS -$0.45 Beats -$0.83 Est, Revenues $1.28B Beat $1.16B Est. Sharesüîª7.27% to $280.55 #earnings #stocks #stock #StockMarket #Investment #investing #invest #investor #investors #Traders #Trade #trading https://t.co/YcCtCSZzuD",1402727710661562371,0.0
36,4121,377,15,1287,False,Wed Jun 09 20:41:44 +0000 2021,Are GME earnings killing AMC? What the hell is going on? This is so unfair. Why even play the stockmarket if it‚Äôs corruption goes with out consequences when the steal $ from the retail public.,1402727637135527938,-0.9366
92,2713,1638,30,4966,False,Wed Jun 09 20:40:41 +0000 2021,RT @RickyAnalog: So $GME discloses SEC information request related to investigation of trading activity. You don't think $AMC will be discl‚Ä¶,1402727373808672769,0.0
61,2137,812,38,9427,False,Wed Jun 09 20:41:16 +0000 2021,"Lots of $TWTR news, $GME news, and more! @StockMKTNewz and I are touching on this on @TwitterSpaces. Tune in! https://t.co/vLIXddwhaT",1402727519460237320,0.0
11,1874,1854,8,24984,False,Wed Jun 09 20:42:12 +0000 2021,"@InZaneViews This is pure manipulation, you can see it clear as day https://t.co/I8E19l21cD",1402727751677669382,0.1027
85,1818,1111,13,5323,False,Wed Jun 09 20:40:50 +0000 2021,"Source: https://t.co/sqeNo2q2Xi
#NakedShorting #GME #AMC #amcshortsqueeze #AMCAPES #FinancialTreason",1402727411016474631,0.0
26,1659,2144,88,183710,False,Wed Jun 09 20:41:56 +0000 2021,"Who would have thought the $GME execs were just insider suits that would eventually turn on us and short ladder attack us @BagholderQuotes 

https://t.co/V4HpBc52QQ",1402727684921298946,-0.4215
84,1644,689,17,14029,False,Wed Jun 09 20:40:51 +0000 2021,"@YahooFinance @SPYJared $GME üëâüèΩGameStop

‚ùåUnstable revenue growth
‚ùåLow gross margin (25%)
‚ùåUnprofitable business
‚ùåNegative profit margin
‚ùåNegative ROIC
‚ùåNegative ROE
‚ùåUnstable cash flows
‚ùåNone-moat business

Let‚Äôs see if new management improves $GME fundamentals.",1402727413268758528,0.7717
71,1395,77,34,1092,False,Wed Jun 09 20:41:03 +0000 2021,$GME Ohhh‚Ä¶ these bulls. Really I‚Äôm a BULL and BEAR. I play both sides of the field all day. Never get held up on one side. That‚Äôs how you lose your entire account. https://t.co/Q6OrV8LFBU,1402727463864655876,-0.0817
37,1352,22,29,7651,False,Wed Jun 09 20:41:44 +0000 2021,"$GME backtesting triangle breakout.

Totally normal, would like 278 to hold. https://t.co/ZXu1nsbIyO",1402727635541651459,0.6771
22,1268,193,8,22266,False,Wed Jun 09 20:42:01 +0000 2021,"@GMEshortsqueeze thinking of cashing one of my 5 call options...
getting me to 1800 $GME Stonks :)))",1402727705766989826,0.0
23,1248,7,13,30,False,Wed Jun 09 20:42:00 +0000 2021,GAMESTOP RECEIVED REQUEST FROM SEC STAFF ON MAY 26: 10-Q $GME,1402727703564935169,0.0
29,1181,1149,26,22836,False,Wed Jun 09 20:41:53 +0000 2021,"RT @livfast87: Source: https://t.co/sqeNo2q2Xi
#NakedShorting #GME #AMC #amcshortsqueeze #AMCAPES #FinancialTreason",1402727674188083206,0.0
80,1156,2576,45,27305,False,Wed Jun 09 20:40:53 +0000 2021,"RT @InvestmentYoung: @CEOAdam ADAM LFG, $GME ANNOUNCED MORE VOTES THAN POSSIBLE $AMC ANNOUNCED THAT RETAIL OWNS THE FLOAT LFG",1402727420252225536,0.0
73,1156,2576,45,27305,False,Wed Jun 09 20:41:00 +0000 2021,"RT @OleJusta: I don't know about you apes, but I've had a hell of a rough week! This week has made it more apparent that we need to focus o‚Ä¶",1402727451579408385,-0.8268
76,1089,1350,21,3238,False,Wed Jun 09 20:40:58 +0000 2021,"RT @The_Real_Fly: GameStop announces Matt Furlong as CEO and Mike Recupero as CFO $GME

Both join from Amazon $AMZN",1402727444700876806,0.4404
35,1079,1382,90,12778,False,Wed Jun 09 20:41:47 +0000 2021,"RT @BP_Rising: Would bet big money that if SEC did a serious probe into $GME trading, they would find painting of the tape activity among w‚Ä¶",1402727648716021772,0.0772
88,1078,2791,1,8461,False,Wed Jun 09 20:40:48 +0000 2021,$gme $amc they using the same tactics again in the after hr market. Fake shares #nakedshorts . We ain't selling! Just Hodl! üôåüíéüöÄüêí,1402727400375476229,-0.3578
91,1018,232,31,13757,False,Wed Jun 09 20:40:45 +0000 2021,"@RickyAnalog They will all do, not only $GME",1402727386815291393,0.0
79,947,2165,6,35,False,Wed Jun 09 20:40:53 +0000 2021,"$AMC AA just announced we OWN 98% of the FLOAT!

SO WTF IS GOING ON #amc #apestock #HODL #DiamondHands #ToTheMoom #stocks #razielmcallen #gme #apemarket #apestotherescue #amc100k #NakedShorting #financialtreason #retweet https://t.co/cM3OqHIEAN",1402727421120548870,-0.7815
64,894,1934,2,7700,False,Wed Jun 09 20:41:13 +0000 2021,"RT @GMEshortsqueeze: Everyone saw the dilution with $AMC = it got scooped up like it was nothing &amp; kept skyrocketing.

$GME's ATM announcem‚Ä¶",1402727506520821763,0.3612
82,887,388,6,16030,False,Wed Jun 09 20:40:52 +0000 2021,Damnnnnnnn that #GME went straight down lmao damnnnn...,1402727418696241158,0.7003
62,826,639,0,647,False,Wed Jun 09 20:41:16 +0000 2021,"Mad $GME and $AMC so now they are trying to tank them. Man, f them, I ain‚Äôt ever selling now. Raise the mf floor.",1402727516603813889,-0.4939
72,730,352,2,32908,False,Wed Jun 09 20:41:01 +0000 2021,"RT @ZIONLIO29288757: $GME

IF ANYONE WONDERED...
WHY @GAMESTOP PRICE DROPPED NOW....
MANIPULATION.

SHORTERS JUST SHORTED 
ALLLLLL ---- $GM‚Ä¶",1402727454041640960,-0.6874
90,666,4180,4,4203,False,Wed Jun 09 20:40:46 +0000 2021,RT @YahooFinance: .@SpyJared on $GME earnings: ‚ÄúThere is a shake-up in the C-suite. They have a new CEO and a new CFO.‚Äù https://t.co/hHyDpH‚Ä¶,1402727390917312517,0.2023
65,600,85,4,2605,False,Wed Jun 09 20:41:13 +0000 2021,$gme shit il take more,1402727505929326595,-0.5574
81,599,1112,1,2287,False,Wed Jun 09 20:40:52 +0000 2021,"So both $amc and $GME came out and said there are more shares in circulation than exist. I‚Äôll hold for the rest of my life. 

2008: Synthetic CDOs
2020: synthetic Shorts

During a pandemic. To companies that employ humans. https://t.co/7ywZjZnvCr",1402727419266715650,0.6478
41,497,601,2,23486,False,Wed Jun 09 20:41:43 +0000 2021,RT @JamesCullenB: Anyone panic selling $AMC right now is cray. Im still holding FULL. Gonna run it up. $100+ easily attainable but we gonna‚Ä¶,1402727632471474179,-0.1154
86,473,8,1,72,False,Wed Jun 09 20:40:49 +0000 2021,$GME - did anyone really expect anything else? https://t.co/52U3l7NtAJ,1402727404037083140,0.0
69,402,3116,30,3823,False,Wed Jun 09 20:41:07 +0000 2021,RT @jimmilegs33: Cats out of the bag for both #GME and #AMC. More shares than the total float. Short sellers are going to toss Hail Marys a‚Ä¶,1402727482692935687,0.4201
94,372,1855,18,21752,False,Wed Jun 09 20:40:36 +0000 2021,"RT @InZaneViews: $gme is fine

Relax, you'll see, since January, I wasn't wrong.",1402727351021150213,0.7054
49,369,692,0,38559,False,Wed Jun 09 20:41:29 +0000 2021,"RT @CokeRatCramer: Retweet if you‚Äôre tits are jacked 

$GME $AMC",1402727575013711877,-0.2263
97,351,809,3,6941,False,Wed Jun 09 20:40:31 +0000 2021,RT @jimmilegs33: Cats out of the bag for both #GME and #AMC. More shares than the total float. Short sellers are going to toss Hail Marys a‚Ä¶,1402727329164632067,0.4201
78,343,403,0,7878,False,Wed Jun 09 20:40:55 +0000 2021,RT @jimmilegs33: Cats out of the bag for both #GME and #AMC. More shares than the total float. Short sellers are going to toss Hail Marys a‚Ä¶,1402727430603816968,0.4201
74,289,445,0,4094,False,Wed Jun 09 20:41:00 +0000 2021,RT @jimmilegs33: Cats out of the bag for both #GME and #AMC. More shares than the total float. Short sellers are going to toss Hail Marys a‚Ä¶,1402727450602266626,0.4201
52,287,824,1,312,False,Wed Jun 09 20:41:28 +0000 2021,RT @davidbr813: #HoldTheMarketAccountable WE DEMAND the market be held accountable for the games that have been played at the retail invest‚Ä¶,1402727568357433347,0.1449
,user.followers_count,user.friends_count,user.listed_count,user.favourites_count,user.verified,created_at,full_text,id,sentiment
14,147913,3240,1042,14495,False,Wed Jun 09 20:43:14 +0000 2021,#GME should trade in $250 to $270 range tomorrow after cash opens imho,1402728014585249796,0.0
2,100118,16904,2245,143849,True,Tue Jun 08 23:15:33 +0000 2021,"Hey #APES #AMCARMY: @TND and @janjeffcoat are having me on tomorrow morning at 8:40 a ET. What is it that you want to let America know about your purpose and fight? Reply to LMK so I can rep tomorrow!  

$AMC $GME #dumbmoney #AMCAPES #apestogetherstrong #NakedShorts",1402403955355815939,-0.3382
1,100118,16904,2245,143849,True,Wed Jun 09 14:20:04 +0000 2021,This morning I talked about what the #ApeArmy and retail investors are fighting for... $AMC $GME #apestogetherstrong #APES #AMCArmy #dumbmoney #NakedShorts #FinancialTreason https://t.co/NhnKkXmDHm,1402631585598431243,-0.3182
32,94281,145,984,9527,False,Wed Jun 09 20:43:01 +0000 2021,RT @StockMKTNewz: Talking GameStop $GME earnings  https://t.co/owAYYcQFtH,1402727960717758469,0.2023
0,26862,2007,593,7174,True,Tue Jun 08 19:28:37 +0000 2021,"@S3Partners ""Squeeze Score"" of 10/10

(Companies with the highest potential for a short squeeze)

$AMC 
$GME
$CLOV
$BYND
$SKLZ
$SPCE
$UPST
$BBBY
$MVIS
$NKLA",1402346848824836098,0.2263
67,23661,116,76,7281,False,Wed Jun 09 20:42:10 +0000 2021,"Alright here we are: vote count
It's interesting...

https://t.co/KKmztd5blW

#GME $GME #SUPERSTONK",1402727746128605187,0.25
53,23378,1399,672,2607,True,Wed Jun 09 20:42:26 +0000 2021,"*GAMESTOP RECEIVED REQUEST FROM SEC STAFF ON MAY 26: 10-Q

This was expected, but still GME, AMC, GEO...lots of #memestocks falling after-hours",1402727812533043202,-0.2263
79,13971,209,74,11655,False,Wed Jun 09 20:41:58 +0000 2021,"$GME Earnings: Net Sales Grew 25% to $1.3B

https://t.co/PkMfLe0mrK",1402727693615984640,0.2023
83,11958,0,155,7561,False,Wed Jun 09 20:41:53 +0000 2021,"RT @dtradehunter: $NAKD
$NAKD is due for a short squeeze! Come on apes...
$zom $clov $amc $gme $bb",1402727675014389766,0.2942
61,7355,44,216,1762,False,Wed Jun 09 20:42:16 +0000 2021,what time everyone remember numbers don't matter &amp; $GME reverses,1402727769226846215,-0.0191
65,6436,10,180,1899,False,Wed Jun 09 20:42:13 +0000 2021,$GME GameStop Releases First Quarter 2021 Financial Results https://t.co/3jA2eFEDwH,1402727759173017603,0.0
75,5124,77,70,47,False,Wed Jun 09 20:42:02 +0000 2021,"#GameStop $GME Q1 EPS -$0.45 Beats -$0.83 Est, Revenues $1.28B Beat $1.16B Est. Sharesüîª7.27% to $280.55 #earnings #stocks #stock #StockMarket #Investment #investing #invest #investor #investors #Traders #Trade #trading https://t.co/YcCtCSZzuD",1402727710661562371,0.0
5,4877,165,67,6084,False,Wed Jun 09 20:43:20 +0000 2021,@Crussian17 üòÇ I think his $GME price target last year was $10... mine was $18. (Or maybe that PT was just a diversion!),1402728037251125254,0.0
56,4439,259,58,2998,False,Wed Jun 09 20:42:23 +0000 2021,"#Earnings
#GameStop report√≥ resultados trimestrales mejores de lo esperado y va a contratar nuevos CEO y CFO (ex-ejecutivos de #Amazon)
üîª $GME -7.5% afterhours https://t.co/GXBp225uT6",1402727801510268928,0.0
91,4121,377,15,1288,False,Wed Jun 09 20:41:44 +0000 2021,Are GME earnings killing AMC? What the hell is going on? This is so unfair. Why even play the stockmarket if it‚Äôs corruption goes with out consequences when the steal $ from the retail public.,1402727637135527938,-0.9366
29,3898,3390,59,519,False,Wed Jun 09 20:43:03 +0000 2021,üöÄ #GameStop (GME) earnings Q1 2021 https://t.co/EWlPUoSr5f,1402727968615677959,0.2023
17,3460,373,32,10422,False,Wed Jun 09 20:43:12 +0000 2021,RT @Street_Insider: GameStop $GME Plans to File 5M Share At-the-Market Offering https://t.co/8DazQkSbLG https://t.co/OAcAYX54kA,1402728004745375744,0.296
24,2178,797,19,16335,False,Wed Jun 09 20:43:07 +0000 2021,$gme beats and $amc sells off .. good I swear I'm going ALL IN $AMC tomorrow.. keep selling clowns.. https://t.co/jiZAePwTrJ,1402727983719370752,0.2023
66,1874,1854,8,24984,False,Wed Jun 09 20:42:12 +0000 2021,"@InZaneViews This is pure manipulation, you can see it clear as day https://t.co/I8E19l21cD",1402727751677669382,0.1027
9,1747,2332,7,27203,False,Wed Jun 09 20:43:17 +0000 2021,"@gme_posh_pug Chill

They played who the fuck is the new CEO card

Just another amazon veteran lol",1402728027822477315,0.34
81,1659,2144,88,183710,False,Wed Jun 09 20:41:56 +0000 2021,"Who would have thought the $GME execs were just insider suits that would eventually turn on us and short ladder attack us @BagholderQuotes 

https://t.co/V4HpBc52QQ",1402727684921298946,-0.4215
92,1352,22,29,7651,False,Wed Jun 09 20:41:44 +0000 2021,"$GME backtesting triangle breakout.

Totally normal, would like 278 to hold. https://t.co/ZXu1nsbIyO",1402727635541651459,0.6771
26,1268,193,8,22271,False,Wed Jun 09 20:43:06 +0000 2021,"@p0nzInvests @GMEshortsqueeze And $GME doesn't have a long term debts ;)
money to the transformation NETO ;)",1402727979084652546,0.3923
77,1268,193,8,22271,False,Wed Jun 09 20:42:01 +0000 2021,"@GMEshortsqueeze thinking of cashing one of my 5 call options...
getting me to 1800 $GME Stonks :)))",1402727705766989826,0.0
78,1248,7,13,30,False,Wed Jun 09 20:42:00 +0000 2021,GAMESTOP RECEIVED REQUEST FROM SEC STAFF ON MAY 26: 10-Q $GME,1402727703564935169,0.0
84,1181,1149,26,22836,False,Wed Jun 09 20:41:53 +0000 2021,"RT @livfast87: Source: https://t.co/sqeNo2q2Xi
#NakedShorting #GME #AMC #amcshortsqueeze #AMCAPES #FinancialTreason",1402727674188083206,0.0
36,1150,99,27,14886,False,Wed Jun 09 20:42:51 +0000 2021,"$278 looking nice for my crazy ass

$GME",1402727915041607682,-0.4767
54,1112,1814,3,36468,False,Wed Jun 09 20:42:26 +0000 2021,"RT @jhuntermav: $GME Earnings: Net Sales Grew 25% to $1.3B

https://t.co/PkMfLe0mrK",1402727812113387522,0.2023
90,1079,1382,90,12778,False,Wed Jun 09 20:41:47 +0000 2021,"RT @BP_Rising: Would bet big money that if SEC did a serious probe into $GME trading, they would find painting of the tape activity among w‚Ä¶",1402727648716021772,0.0772
37,1064,42,6,6278,False,Wed Jun 09 20:42:50 +0000 2021,SEC ? Are you guys awake ? $gme $amc !,1402727913837977607,0.0
50,945,184,2,1274,False,Wed Jun 09 20:42:34 +0000 2021,RT @CokeRatCramer: $GME will become the Amazon of gaming.,1402727845860945920,0.1779
4,894,1934,2,7702,False,Wed Jun 09 20:43:21 +0000 2021,"RT @ApesTogetherDoc: Alright here we are: vote count
It's interesting...

https://t.co/KKmztd5blW

#GME $GME #SUPERSTONK",1402728042183675908,0.25
39,878,1878,1,1817,False,Wed Jun 09 20:42:48 +0000 2021,"*Earnings report far outperforms analysts predictions*

*Announces hiring of Amazon veterans*

*Ext hours when ""meme stocks"" are most bullish*

Thanks for the nice discount before our investor meeting shorts üëçüèªü¶ç

#GMESqueeze $GME https://t.co/aMN1ZXamCu",1402727904564367367,0.7832
22,711,998,1,2576,False,Wed Jun 09 20:43:08 +0000 2021,RT @davidbr813: #HoldTheMarketAccountable WE DEMAND the market be held accountable for the games that have been played at the retail invest‚Ä¶,1402727989905928193,0.1449
18,690,2624,17,97161,False,Wed Jun 09 20:43:12 +0000 2021,RT @trading2themoon: SEC ? Are you guys awake ? $gme $amc !,1402728004158099457,0.0
21,679,718,0,2414,False,Wed Jun 09 20:43:09 +0000 2021,Wait isn‚Äôt the DTCC supposed to be protecting us? #AMC #GME https://t.co/SMbPiGTYIq,1402727992565153808,0.0
34,677,1638,2,4678,False,Wed Jun 09 20:42:53 +0000 2021,RT @brawl4life88: $gme $amc they using the same tactics again in the after hr market. Fake shares #nakedshorts . We ain't selling! Just Hod‚Ä¶,1402727923941994499,-0.2942
44,672,2500,24,54532,False,Wed Jun 09 20:42:41 +0000 2021,"RT @DickTugging: They‚Äôre trying to spook you, don‚Äôt fall for it $AMC &amp; $GME üíéüôå

We‚Äôre just fine! ü•Ç",1402727874612776963,0.1759
42,540,450,7,39031,False,Wed Jun 09 20:42:41 +0000 2021,"RT @CarolineHydeTV: *GAMESTOP RECEIVED REQUEST FROM SEC STAFF ON MAY 26: 10-Q

This was expected, but still GME, AMC, GEO...lots of #memest‚Ä¶",1402727876504526851,0.0
96,497,603,2,23489,False,Wed Jun 09 20:41:43 +0000 2021,RT @JamesCullenB: Anyone panic selling $AMC right now is cray. Im still holding FULL. Gonna run it up. $100+ easily attainable but we gonna‚Ä¶,1402727632471474179,-0.1154
8,485,1263,4,7631,False,Wed Jun 09 20:43:19 +0000 2021,Meme stocks are a great way to make money in calls AND puts. $AMC $GME $CLOV https://t.co/d5PHS6J3Za,1402728032973078530,0.6249
40,483,578,0,9587,False,Wed Jun 09 20:42:47 +0000 2021,"RT @jhuntermav: $GME Earnings: Net Sales Grew 25% to $1.3B

https://t.co/PkMfLe0mrK",1402727900332371972,0.2023
23,441,2999,4,22951,False,Wed Jun 09 20:43:07 +0000 2021,RT @TaraBull808: Citadel has a 106% stake in $clov...so ultimately when they cash out at the top they'll have that much more money to cover‚Ä¶,1402727985871007751,0.2023
43,422,947,2,995,False,Wed Jun 09 20:42:41 +0000 2021,"RT @jhuntermav: $GME Earnings: Net Sales Grew 25% to $1.3B

https://t.co/PkMfLe0mrK",1402727875724386308,0.2023
15,326,4953,9,783,False,Wed Jun 09 20:43:14 +0000 2021,"RT @CarolineHydeTV: *GAMESTOP RECEIVED REQUEST FROM SEC STAFF ON MAY 26: 10-Q

This was expected, but still GME, AMC, GEO...lots of #memest‚Ä¶",1402728012643139590,0.0
41,299,534,0,7374,False,Wed Jun 09 20:42:44 +0000 2021,@BobPisani @PiperSandler @SEC_News @CNBC #MarginCallCitadel !!! #WeOwnTheFloat of #amcstock and #GME,1402727885648056322,0.0
,user.followers_count,user.friends_count,user.listed_count,user.favourites_count,user.verified,created_at,full_text,id,sentiment
67,147913,3240,1042,14495,False,Wed Jun 09 20:43:14 +0000 2021,#GME should trade in $250 to $270 range tomorrow after cash opens imho,1402728014585249796,0.0
1,100119,16904,2245,143849,True,Wed Jun 09 14:20:04 +0000 2021,This morning I talked about what the #ApeArmy and retail investors are fighting for... $AMC $GME #apestogetherstrong #APES #AMCArmy #dumbmoney #NakedShorts #FinancialTreason https://t.co/NhnKkXmDHm,1402631585598431243,-0.3182
2,100119,16904,2245,143849,True,Tue Jun 08 23:15:33 +0000 2021,"Hey #APES #AMCARMY: @TND and @janjeffcoat are having me on tomorrow morning at 8:40 a ET. What is it that you want to let America know about your purpose and fight? Reply to LMK so I can rep tomorrow!  

$AMC $GME #dumbmoney #AMCAPES #apestogetherstrong #NakedShorts",1402403955355815939,-0.3382
85,94282,145,984,9527,False,Wed Jun 09 20:43:01 +0000 2021,RT @StockMKTNewz: Talking GameStop $GME earnings  https://t.co/owAYYcQFtH,1402727960717758469,0.2023
0,26862,2007,593,7174,True,Tue Jun 08 19:28:37 +0000 2021,"@S3Partners ""Squeeze Score"" of 10/10

(Companies with the highest potential for a short squeeze)

$AMC 
$GME
$CLOV
$BYND
$SKLZ
$SPCE
$UPST
$BBBY
$MVIS
$NKLA",1402346848824836098,0.2263
19,8427,311,56,2181,False,Wed Jun 09 20:44:04 +0000 2021,$GME https://t.co/jWSA1knJVR,1402728221825716225,0.0
58,4877,165,67,6084,False,Wed Jun 09 20:43:20 +0000 2021,@Crussian17 üòÇ I think his $GME price target last year was $10... mine was $18. (Or maybe that PT was just a diversion!),1402728037251125254,0.0
82,3898,3390,59,519,False,Wed Jun 09 20:43:03 +0000 2021,üöÄ #GameStop (GME) earnings Q1 2021 https://t.co/EWlPUoSr5f,1402727968615677959,0.2023
70,3460,373,32,10422,False,Wed Jun 09 20:43:12 +0000 2021,RT @Street_Insider: GameStop $GME Plans to File 5M Share At-the-Market Offering https://t.co/8DazQkSbLG https://t.co/OAcAYX54kA,1402728004745375744,0.296
77,2178,797,19,16335,False,Wed Jun 09 20:43:07 +0000 2021,$gme beats and $amc sells off .. good I swear I'm going ALL IN $AMC tomorrow.. keep selling clowns.. https://t.co/jiZAePwTrJ,1402727983719370752,0.2023
45,2137,812,38,9427,False,Wed Jun 09 20:43:31 +0000 2021,"* GAMESTOP SAYS HAS NOT EXPERIENCED ANY MATERIAL CHANGES IN FINANCIAL CONDITION OR OPERATIONS THAT WOULD EXPLAIN PRICE VOLATILITY OR TRADING VOLUME OF SHARES

@Reuters $GME",1402728084638420998,-0.0258
32,1996,2048,0,10080,False,Wed Jun 09 20:43:47 +0000 2021,"@DingoDogDotCom Seems to be the most logical move...

...and fascinating that they're not all over this. Perhaps the SEC move is well prescribed because by now, $GME should have reinvented the entire market.",1402728153873895431,0.6808
17,1747,2332,7,27205,False,Wed Jun 09 20:44:06 +0000 2021,"RT @DickTugging: They‚Äôre trying to spook you, don‚Äôt fall for it $AMC &amp; $GME üíéüôå

We‚Äôre just fine! ü•Ç",1402728232080838658,0.1759
62,1747,2332,7,27205,False,Wed Jun 09 20:43:17 +0000 2021,"@gme_posh_pug Chill

They played who the fuck is the new CEO card

Just another amazon veteran lol",1402728027822477315,0.34
37,1747,2332,7,27205,False,Wed Jun 09 20:43:40 +0000 2021,RT @lili_wt: @gme_posh_pug @InZaneViews https://t.co/ijnDxvkoK4,1402728121477079045,0.0
14,1582,160,40,201,False,Wed Jun 09 20:44:08 +0000 2021,$GME 5M shares dilute don't sound like much but at $300 it is LOL,1402728239571689476,0.7045
40,1308,1301,10,11742,False,Wed Jun 09 20:43:35 +0000 2021,#NakedShorts #NakedShorting #AMC #GME https://t.co/ayS9jv49bl,1402728103038885891,0.0
79,1268,193,8,22277,False,Wed Jun 09 20:43:06 +0000 2021,"@p0nzInvests @GMEshortsqueeze And $GME doesn't have a long term debts ;)
money to the transformation NETO ;)",1402727979084652546,0.3923
9,1181,1149,26,22836,False,Wed Jun 09 20:44:17 +0000 2021,Oops... #AMC $AMC #GME $GME https://t.co/Eh3Kw7N8U8 https://t.co/SFIB0kspei,1402728278755061769,0.0
89,1150,99,27,14886,False,Wed Jun 09 20:42:51 +0000 2021,"$278 looking nice for my crazy ass

$GME",1402727915041607682,-0.4767
90,1064,42,6,6278,False,Wed Jun 09 20:42:50 +0000 2021,SEC ? Are you guys awake ? $gme $amc !,1402727913837977607,0.0
53,931,1971,2,8239,False,Wed Jun 09 20:43:24 +0000 2021,"RT @StockRetail: $amc $gme #amc #gme I feel it. Something turned today. Last few days- I people got tired, frustrated, grumpy, but one thin‚Ä¶",1402728056037519362,-0.4854
57,894,1934,2,7703,False,Wed Jun 09 20:43:21 +0000 2021,"RT @ApesTogetherDoc: Alright here we are: vote count
It's interesting...

https://t.co/KKmztd5blW

#GME $GME #SUPERSTONK",1402728042183675908,0.25
92,878,1879,1,1817,False,Wed Jun 09 20:42:48 +0000 2021,"*Earnings report far outperforms analysts predictions*

*Announces hiring of Amazon veterans*

*Ext hours when ""meme stocks"" are most bullish*

Thanks for the nice discount before our investor meeting shorts üëçüèªü¶ç

#GMESqueeze $GME https://t.co/aMN1ZXamCu",1402727904564367367,0.7832
7,818,2396,17,23129,False,Wed Jun 09 20:44:19 +0000 2021,"@Aiera @jimcramer @Gambiste1 @GameStop @austin_rief @LiebermanAustin @GoingParabolic @NickOfNewYork Live feed: 
https://t.co/VGfZeSPB8c",1402728285633757189,0.0
75,711,998,1,2576,False,Wed Jun 09 20:43:08 +0000 2021,RT @davidbr813: #HoldTheMarketAccountable WE DEMAND the market be held accountable for the games that have been played at the retail invest‚Ä¶,1402727989905928193,0.1449
71,690,2624,17,97163,False,Wed Jun 09 20:43:12 +0000 2021,RT @trading2themoon: SEC ? Are you guys awake ? $gme $amc !,1402728004158099457,0.0
11,685,109,3,29612,False,Wed Jun 09 20:44:17 +0000 2021,"RT @InZaneViews: $gme is fine

Relax, you'll see, since January, I wasn't wrong.",1402728276162981895,0.7054
74,679,718,0,2414,False,Wed Jun 09 20:43:09 +0000 2021,Wait isn‚Äôt the DTCC supposed to be protecting us? #AMC #GME https://t.co/SMbPiGTYIq,1402727992565153808,0.0
87,677,1638,2,4678,False,Wed Jun 09 20:42:53 +0000 2021,RT @brawl4life88: $gme $amc they using the same tactics again in the after hr market. Fake shares #nakedshorts . We ain't selling! Just Hod‚Ä¶,1402727923941994499,-0.2942
97,672,2500,24,54532,False,Wed Jun 09 20:42:41 +0000 2021,"RT @DickTugging: They‚Äôre trying to spook you, don‚Äôt fall for it $AMC &amp; $GME üíéüôå

We‚Äôre just fine! ü•Ç",1402727874612776963,0.1759
25,672,1863,0,39599,False,Wed Jun 09 20:43:59 +0000 2021,RT @MarkMcMEG: Naked shorting diluting stock price should lead to jail time. Thats really that easy. This is a crime and it‚Äôs playing out r‚Ä¶,1402728200791285760,0.0202
48,650,1372,2,54149,False,Wed Jun 09 20:43:28 +0000 2021,RT @jimmilegs33: Cats out of the bag for both #GME and #AMC. More shares than the total float. Short sellers are going to toss Hail Marys a‚Ä¶,1402728071422115843,0.4201
95,540,450,7,39038,False,Wed Jun 09 20:42:41 +0000 2021,"RT @CarolineHydeTV: *GAMESTOP RECEIVED REQUEST FROM SEC STAFF ON MAY 26: 10-Q

This was expected, but still GME, AMC, GEO...lots of #memest‚Ä¶",1402727876504526851,0.0
61,485,1263,4,7631,False,Wed Jun 09 20:43:19 +0000 2021,Meme stocks are a great way to make money in calls AND puts. $AMC $GME $CLOV https://t.co/d5PHS6J3Za,1402728032973078530,0.6249
93,483,578,0,9590,False,Wed Jun 09 20:42:47 +0000 2021,"RT @jhuntermav: $GME Earnings: Net Sales Grew 25% to $1.3B

https://t.co/PkMfLe0mrK",1402727900332371972,0.2023
3,479,538,2,1855,False,Wed Jun 09 20:44:26 +0000 2021,RT @CokeRatCramer: $GME will become the Amazon of gaming.,1402728315690029060,0.1779
38,469,446,2,228,False,Wed Jun 09 20:43:37 +0000 2021,@SaraEisen buying GME is bad for society? You actually said this? You are the problem you clueless shill.,1402728111553265667,-0.8426
76,441,2999,4,22958,False,Wed Jun 09 20:43:07 +0000 2021,RT @TaraBull808: Citadel has a 106% stake in $clov...so ultimately when they cash out at the top they'll have that much more money to cover‚Ä¶,1402727985871007751,0.2023
46,441,2999,4,22958,False,Wed Jun 09 20:43:31 +0000 2021,"RT @philcowger: So let me get this straight. The media is actually attempting to drive traffic away from $AMC and $GME to $CLOV, who is hea‚Ä¶",1402728083191480320,0.2789
4,436,778,8,77304,False,Wed Jun 09 20:44:24 +0000 2021,Good news come out for $AMC but it‚Äôs bleeding in the after hours??? $GME is bleeding even more in the after hours too ? ü§® #AMC #GME,1402728306638823427,0.3527
16,426,850,25,6649,False,Wed Jun 09 20:44:06 +0000 2021,"So. Much. Info. 

$AMC / $GME - Game Plan Still Stands https://t.co/RiQhiMo0hg",1402728232240222214,0.0
96,422,947,2,995,False,Wed Jun 09 20:42:41 +0000 2021,"RT @jhuntermav: $GME Earnings: Net Sales Grew 25% to $1.3B

https://t.co/PkMfLe0mrK",1402727875724386308,0.2023
68,326,4953,9,783,False,Wed Jun 09 20:43:14 +0000 2021,"RT @CarolineHydeTV: *GAMESTOP RECEIVED REQUEST FROM SEC STAFF ON MAY 26: 10-Q

This was expected, but still GME, AMC, GEO...lots of #memest‚Ä¶",1402728012643139590,0.0
35,304,270,2,20256,False,Wed Jun 09 20:43:42 +0000 2021,"RT @Conwolv: #GME 8k filing. 

https://t.co/fZxTqq1CtF",1402728129194565632,0.0
15,299,534,0,7381,False,Wed Jun 09 20:44:08 +0000 2021,"RT @LordTrillions: #GAMESTOP EARNINGS PER SHARE NEARLY TWICE AS BETTER THAN EXPECTED,

$1.28B Q1 REVENUE

MATT FURLONG NAMED NEW CEO

$‚Äî0.4‚Ä¶",1402728238795923457,0.8442
28,299,534,0,7381,False,Wed Jun 09 20:43:49 +0000 2021,"RT @jhuntermav: $GME Earnings: Net Sales Grew 25% to $1.3B

https://t.co/PkMfLe0mrK",1402728161998262277,0.2023
94,299,534,0,7381,False,Wed Jun 09 20:42:44 +0000 2021,@BobPisani @PiperSandler @SEC_News @CNBC #MarginCallCitadel !!! #WeOwnTheFloat of #amcstock and #GME,1402727885648056322,0.0
47,299,534,0,7381,False,Wed Jun 09 20:43:29 +0000 2021,"RT @ApesTogetherDoc: Alright here we are: vote count
It's interesting...

https://t.co/KKmztd5blW

#GME $GME #SUPERSTONK",1402728078502211587,0.25
,user.followers_count,user.friends_count,user.listed_count,user.favourites_count,user.verified,created_at,full_text,id,sentiment
2,100121,16904,2245,143849,True,Tue Jun 08 23:15:33 +0000 2021,"Hey #APES #AMCARMY: @TND and @janjeffcoat are having me on tomorrow morning at 8:40 a ET. What is it that you want to let America know about your purpose and fight? Reply to LMK so I can rep tomorrow!  

$AMC $GME #dumbmoney #AMCAPES #apestogetherstrong #NakedShorts",1402403955355815939,-0.3382
1,100121,16904,2245,143849,True,Wed Jun 09 14:20:04 +0000 2021,This morning I talked about what the #ApeArmy and retail investors are fighting for... $AMC $GME #apestogetherstrong #APES #AMCArmy #dumbmoney #NakedShorts #FinancialTreason https://t.co/NhnKkXmDHm,1402631585598431243,-0.3182
0,26862,2007,593,7174,True,Tue Jun 08 19:28:37 +0000 2021,"@S3Partners ""Squeeze Score"" of 10/10

(Companies with the highest potential for a short squeeze)

$AMC 
$GME
$CLOV
$BYND
$SKLZ
$SPCE
$UPST
$BBBY
$MVIS
$NKLA",1402346848824836098,0.2263
42,22417,277,181,28180,False,Wed Jun 09 20:46:28 +0000 2021,*GAMESTOP EXTENDS DECLINE TO 10% AFTER EARNINGS REPORT $GME,1402728826283626498,0.5812
56,14070,181,251,102,False,Wed Jun 09 20:46:12 +0000 2021,Form 8-K:  $GME https://t.co/jCITfN0VBC,1402728761108348929,0.0
30,13971,209,74,11655,False,Wed Jun 09 20:46:37 +0000 2021,"I‚Äôm going to get to the bottom of naked shorting, specifically as it pertains to $AMC and $GME.  My findings will be included in today‚Äôs update",1402728864036515841,-0.1027
19,12747,86,29,1965,False,Wed Jun 09 20:46:44 +0000 2021,"$amc $gme
Coordinated conspiracy. 
We are shining light on decades of malpractice
We are a part of history.
Thank you for paving the way for the future everybody üôè https://t.co/Wktwy4rfnC",1402728893212205066,-0.128
84,11142,309,392,50611,False,Wed Jun 09 20:45:44 +0000 2021,"$GME down -10% now

SEC probe comments",1402728642262691841,0.0
62,6124,3647,42,16265,False,Wed Jun 09 20:46:07 +0000 2021,"RT @jhuntermav: There is no spoon

$AMC $GME",1402728739385970689,-0.296
69,3967,543,35,777,False,Wed Jun 09 20:46:01 +0000 2021,"$amc $gme

DTCC (Federal Reserve) collusion with Citadel and 30 brokerage firms to suppress the share price , leaked legal documents. Class Warfare!
$AMC $GME

https://t.co/R8gMUGKIH6",1402728713976954881,-0.2714
40,3935,1496,26,8803,False,Wed Jun 09 20:46:29 +0000 2021,RT @JamesCullenB: Anyone panic selling $AMC right now is cray. Im still holding FULL. Gonna run it up. $100+ easily attainable but we gonna‚Ä¶,1402728831883137026,-0.1154
83,2760,90,74,164,False,Wed Jun 09 20:45:46 +0000 2021,"RT @CarolineHydeTV: *GAMESTOP RECEIVED REQUEST FROM SEC STAFF ON MAY 26: 10-Q

This was expected, but still GME, AMC, GEO...lots of #memest‚Ä¶",1402728649300791300,0.0
43,2705,388,16,30103,False,Wed Jun 09 20:46:26 +0000 2021,"RT @chiefs5858: $amc $gme

DTCC (Federal Reserve) collusion with Citadel and 30 brokerage firms to suppress the share price , leaked legal‚Ä¶",1402728819555975170,-0.0258
37,2442,802,8,17197,False,Wed Jun 09 20:46:33 +0000 2021,RT @rockstar_stocks: Hedge Funds under any circumstances cannot let $GME move too rapidly. We all follow #GME MOASS. There is no better pri‚Ä¶,1402728846844174340,0.1779
95,2338,686,32,12068,False,Wed Jun 09 20:45:32 +0000 2021,Some crazy after hours fuckery going on üò¨ #GME,1402728594061864967,-0.34
81,2178,797,19,16335,False,Wed Jun 09 20:45:47 +0000 2021,$amc and $gme selling off afterhours.. let's get ready for WAR APES!! https://t.co/k7H5VoZZNh,1402728657093861381,-0.5743
55,2035,69,34,2432,False,Wed Jun 09 20:46:13 +0000 2021,@InvestorsLive Once $GME and $AMC come down big time again it will start all over again and we will once again bank millions.,1402728762744115204,0.0
78,1874,1854,8,24985,False,Wed Jun 09 20:45:49 +0000 2021,@InZaneViews https://t.co/inTaUqJOD2,1402728662915424262,0.0
33,1607,0,35,0,False,Wed Jun 09 20:46:35 +0000 2021,"$GME $AMC RIP MORONZ, U WONT B MISSED",1402728857770283010,0.2235
98,1500,4952,1,26271,False,Wed Jun 09 20:45:30 +0000 2021,"RT @CokeRatCramer: NEW $GME CEO AND CFO 

LETS FUCKING GOOOOOO https://t.co/E9eWXQ5yYB",1402728583626436611,0.0
61,1306,228,0,90,False,Wed Jun 09 20:46:07 +0000 2021,"GameStop sales rise 25% as the company chases e-commerce growth, embarks on a turnaround: 

https://t.co/jHOFKtkDdH

#News
#Retail
#Shopping
#ProductSightings",1402728740862398466,0.5267
8,1289,2235,2,3716,False,Wed Jun 09 20:46:54 +0000 2021,RT @rockstar_stocks: Hedge Funds under any circumstances cannot let $GME move too rapidly. We all follow #GME MOASS. There is no better pri‚Ä¶,1402728936115744770,0.1779
88,1173,1586,7,21770,False,Wed Jun 09 20:45:36 +0000 2021,Watch all shorted stock price movement in afterhours right now - everything jumps up and down by drastic amounts. $GME $AMC Blatant price manipulation even with the entire world watching. https://t.co/DPLR8WRzXv,1402728610277072897,-0.296
66,1125,491,10,29059,False,Wed Jun 09 20:46:03 +0000 2021,So much positive news for both #amc and #gme yet a fake dump in after hours. Hold they have to buy our shares!,1402728720608247812,0.8615
82,1064,42,6,6279,False,Wed Jun 09 20:45:46 +0000 2021,That cost them millions‚Ä¶ $gme $amc,1402728650374619139,0.0
85,1031,1172,1,1468,False,Wed Jun 09 20:45:44 +0000 2021,$AMC #AMC #GME #AMCARMY #amcshortsqueeze #AMCtothemoon #AMCAPES #amcsqeeze #CLOV üî¥After Market LIVE Price Action! SQUEEZE? (AMC/GME/BB/MVIS) Keep Eyes on... https://t.co/yyL4pOpINu via @YouTube,1402728641516163076,0.4451
58,993,990,5,9363,False,Wed Jun 09 20:46:11 +0000 2021,Hedge funds are SOO scared. You can see it. They just got confirmation of their death sentence and they want to drop the price as much as possible #amc #gme,1402728756511350785,-0.7964
13,952,235,10,17711,False,Wed Jun 09 20:46:51 +0000 2021,"RT @jhuntermav: I‚Äôm going to get to the bottom of naked shorting, specifically as it pertains to $AMC and $GME.  My findings will be includ‚Ä¶",1402728922995957764,-0.1027
96,931,1971,2,8244,False,Wed Jun 09 20:45:32 +0000 2021,"RT @LordTrillions: WAR MODE ENHANCED.

GAME[STOP] ON. 

$GME $AMC #MOASS #DIAMONDHANDS https://t.co/IZdOqc0caJ",1402728590983286784,-0.6841
67,911,881,4,3391,False,Wed Jun 09 20:46:01 +0000 2021,@wdmorgan2 @ApesTogetherDoc this is GME not AMC,1402728715604406273,0.0
94,905,913,21,11465,False,Wed Jun 09 20:45:34 +0000 2021,RT @rockstar_stocks: Hedge Funds under any circumstances cannot let $GME move too rapidly. We all follow #GME MOASS. There is no better pri‚Ä¶,1402728600709865478,0.1779
77,889,1351,40,53368,False,Wed Jun 09 20:45:49 +0000 2021,RT @LeslieBraddock: @TradesTrey Trey rocked this.  Watch this!!!  #amc #gme #FinancialTreason #ApeStrongTogether #NakedShorts https://t.co/‚Ä¶,1402728664119250946,0.0
92,639,543,19,5166,False,Wed Jun 09 20:45:35 +0000 2021,"@ConnorDickie2 @knat1777 @realwillmaker @ParikPatelCFA Right but AMC, GME and all that stuff shows you earnings is certainly not the only reason.

Also look at pharmaceutical. They go up based on FDA stage approvals, not earnings.... and usually negative earnings",1402728606376378370,0.5023
34,625,126,10,7410,False,Wed Jun 09 20:46:34 +0000 2021,"New Form 424B5 for GameStop Corp
https://t.co/C2lCyTpHFq

#GME",1402728853697667087,0.0
68,625,126,10,7410,False,Wed Jun 09 20:46:01 +0000 2021,Nothing to see here.  Full blown short attack.  #GME https://t.co/YqnYC0MRPm,1402728715285639168,-0.4767
59,495,680,0,2328,False,Wed Jun 09 20:46:10 +0000 2021,"@amcsupporter It‚Äôs all here not there. GME has confirmed synthetics. Once they get the margin call, we will run table on these hedge shmucks!!!",1402728750056415235,0.0
27,418,868,2,8560,False,Wed Jun 09 20:46:39 +0000 2021,RT @rockstar_stocks: Hedge Funds under any circumstances cannot let $GME move too rapidly. We all follow #GME MOASS. There is no better pri‚Ä¶,1402728872873906178,0.1779
26,396,1437,7,6919,False,Wed Jun 09 20:46:39 +0000 2021,RT @mccabe_caitlin: GameStop announced today that Matt Furlong will become CEO and Mike Recupero will become CFO. Both join from Amazon.‚Ä¶,1402728873054384138,0.296
46,379,27,6,95,False,Wed Jun 09 20:46:22 +0000 2021,"$GME plans sell more shares.
$AMC is also planning to sell more shares.
Greed is good for the lack of better words!",1402728801768030211,0.5993
25,364,373,2,670,False,Wed Jun 09 20:46:39 +0000 2021,#GME #GMESqueeze #AMC #amcsqeeze https://t.co/w0sbWw5Dkp,1402728874744725510,0.0
63,327,505,1,1321,False,Wed Jun 09 20:46:05 +0000 2021,"RT @jhuntermav: $GME Earnings: Net Sales Grew 25% to $1.3B

https://t.co/PkMfLe0mrK",1402728729613328384,0.2023
47,327,505,1,1321,False,Wed Jun 09 20:46:22 +0000 2021,"RT @ApesTogetherDoc: Alright here we are: vote count
It's interesting...

https://t.co/KKmztd5blW

#GME $GME #SUPERSTONK",1402728800283205636,0.25
80,315,394,1,14427,False,Wed Jun 09 20:45:48 +0000 2021,RT @brawl4life88: $gme $amc they using the same tactics again in the after hr market. Fake shares #nakedshorts . We ain't selling! Just Hod‚Ä¶,1402728661422329856,-0.2942
86,315,394,1,14427,False,Wed Jun 09 20:45:41 +0000 2021,RT @CokeRatCramer: $GME will become the Amazon of gaming.,1402728629780484096,0.1779
11,311,1040,0,1857,False,Wed Jun 09 20:46:51 +0000 2021,"RT @jhuntermav: I‚Äôm going to get to the bottom of naked shorting, specifically as it pertains to $AMC and $GME.  My findings will be includ‚Ä¶",1402728924434599936,-0.1027
28,303,421,0,5255,False,Wed Jun 09 20:46:39 +0000 2021,RT @rockstar_stocks: Hedge Funds under any circumstances cannot let $GME move too rapidly. We all follow #GME MOASS. There is no better pri‚Ä¶,1402728872286765058,0.1779
10,298,541,0,1788,False,Wed Jun 09 20:46:51 +0000 2021,"RT @CokeRatCramer: Retweet if you‚Äôre tits are jacked 

$GME $AMC",1402728924958937089,-0.2263
53,259,676,0,9770,False,Wed Jun 09 20:46:16 +0000 2021,"RT @dtradehunter: $NAKD
$NAKD is due for a short squeeze! Come on apes...
$zom $clov $amc $gme $bb",1402728776694382597,0.2942
3,252,334,6,6121,False,Wed Jun 09 20:46:57 +0000 2021,RT @JamesCullenB: Anyone panic selling $AMC right now is cray. Im still holding FULL. Gonna run it up. $100+ easily attainable but we gonna‚Ä¶,1402728950728642561,-0.1154
,user.followers_count,user.friends_count,user.listed_count,user.favourites_count,user.verified,created_at,full_text,id,sentiment
38,26934,12,158,3830,False,Wed Jun 09 21:07:36 +0000 2021,"Net sales increased 25.1% to 1.3 billion, compared to 1 billion in the year prior. $GME #GME #GMESqueeze #GMEstock",1402734147165167623,0.2732
25,16716,1339,112,5354,False,Wed Jun 09 21:07:45 +0000 2021,"$CLF is a #StockToWatch 
Here is why:
‚úÖPut in MAJOR volume today
‚úÖNear top of channel resistance line (rejected it today)
üëÄWatching for potential breakout over channel
üì∞""Jumps on support from meme stock traders""

#Memestocks $GME $AMC #StocksToTrade #StockMarket https://t.co/6CWiQKxkPj",1402734182183231489,0.6289
7,8588,191,225,7297,False,Wed Jun 09 21:08:03 +0000 2021,"$GME
WSBÈäòÊüÑ„ÅÆÂÖÉÁ•ñÔºüGME„ÅåÊ±∫ÁÆóÁô∫Ë°®„ÄÇ$66.8M„ÅÆËµ§Â≠ó„ÄÇÂâçÂπ¥ÂêåÊúü„ÅØ$165.7M„ÅÆËµ§Â≠ó„Å†„Å£„Åü„ÄÇ„Åï„Çâ„Å´ÂÖÉ„Ç¢„Éû„Çæ„É≥ÂππÈÉ®2‰∫∫„ÇíCEO„Å®CFO„Å´Ëøé„ÅàÂÖ•„Çå„Çã„Åì„Å®„ÇíÁô∫Ë°®„ÄÇ https://t.co/dOiOXVGLYE",1402734258146316288,0.0
24,7399,6653,27,18979,False,Wed Jun 09 21:07:45 +0000 2021,"RT @rockstar_stocks: Net sales increased 25.1% to 1.3 billion, compared to 1 billion in the year prior. $GME #GME #GMESqueeze #GMEstock",1402734183840092160,0.2732
62,3624,3202,12,3398,False,Wed Jun 09 21:07:15 +0000 2021,#Gamestop Earnings Call LIVE now! üöÄ #gme #shorts #shortsqueeze #AMCSqueeze #gmesqueeze https://t.co/dBlORg6Y8b,1402734056677294084,0.2714
1,2488,2150,10,8413,False,Wed Jun 09 21:08:08 +0000 2021,"The revolution will not be televised 

$AMC $GME #AMC #GME #ApesTogetherStrong #NakedShorts #SECEnforcement #StocksToWatch #MarketManipulation #WallStreet https://t.co/u9JhHckADk",1402734278857826304,0.3612
4,2341,3641,4,6443,False,Wed Jun 09 21:08:05 +0000 2021,RT @jimmilegs33: Cats out of the bag for both #GME and #AMC. More shares than the total float. Short sellers are going to toss Hail Marys a‚Ä¶,1402734267273289740,0.4201
3,1982,2181,1,3260,False,Wed Jun 09 21:08:05 +0000 2021,RT @jimmilegs33: Cats out of the bag for both #GME and #AMC. More shares than the total float. Short sellers are going to toss Hail Marys a‚Ä¶,1402734267919183878,0.4201
76,1877,478,20,24352,False,Wed Jun 09 21:06:53 +0000 2021,"RT @KongPosting: Although you all know I'm HEAVY $AMC bias, I see a bit of panic over the $GME vote results. 

If I am reading correctly, y‚Ä¶",1402733964251521028,-0.5719
51,1624,4788,0,26062,False,Wed Jun 09 21:07:25 +0000 2021,"RT @jhuntermav: If you believe retail investors are selling $AMC or $GME today, you are misguided",1402734100343971841,0.0516
43,1327,2188,86,1761,False,Wed Jun 09 21:07:33 +0000 2021,"@QTRResearch Raven, serious questions. Admitted ignorance here. How do SEC subpoenas impact shareholders of $GME or any stock for that matter? In the case of GME, what are they looking for and from whom?",1402734132568932357,-0.3939
95,1040,680,3,79434,False,Wed Jun 09 21:06:34 +0000 2021,If y‚Äôall aren‚Äôt buying GME at this dip idk what to tell you bc WOW this is only cheap for a small time frame,1402733886505844736,0.516
94,1006,1210,1,6634,False,Wed Jun 09 21:06:38 +0000 2021,"RT @CokeRatCramer: Retweet if you‚Äôre tits are jacked 

$GME $AMC",1402733902947569677,-0.2263
87,949,184,2,1298,False,Wed Jun 09 21:06:42 +0000 2021,"RT @GMEshortsqueeze: Everyone saw the dilution with $AMC = it got scooped up like it was nothing &amp; kept skyrocketing.

$GME's ATM announcem‚Ä¶",1402733920530096133,0.3612
12,931,898,0,3675,False,Wed Jun 09 21:07:54 +0000 2021,RT @jimmilegs33: Cats out of the bag for both #GME and #AMC. More shares than the total float. Short sellers are going to toss Hail Marys a‚Ä¶,1402734219776851969,0.4201
91,904,834,23,33047,False,Wed Jun 09 21:06:39 +0000 2021,"RT @JCOviedo6: No Q&amp;A on the $GME call once again.

What a clown show.",1402733907284480000,-0.296
36,884,17,3,13236,False,Wed Jun 09 21:07:38 +0000 2021,"RT @rockstar_stocks: Don‚Äôt fear the dips, $amc apes. Looking at the data, 75%+ of shares could be sold at profit right now. This means that‚Ä¶",1402734155150938114,0.3182
26,819,2396,17,23134,False,Wed Jun 09 21:07:44 +0000 2021,"Cool stuff @Aiera  Live @GameStop $GME transcription and price analysis. 
https://t.co/VGfZeSPB8c https://t.co/E7OpoJvc3A https://t.co/g03n5pgJC6",1402734180467982339,0.2263
52,814,1595,21,43554,False,Wed Jun 09 21:07:24 +0000 2021,"RT @KongPosting: Although you all know I'm HEAVY $AMC bias, I see a bit of panic over the $GME vote results. 

If I am reading correctly, y‚Ä¶",1402734096925736964,-0.5719
90,799,430,2,18241,False,Wed Jun 09 21:06:40 +0000 2021,"Ryan Cohen is the mannnnn, now $gme chairman, all great news",1402733910631534601,0.6249
0,768,888,1,8357,False,Wed Jun 09 21:08:08 +0000 2021,"RT @KongPosting: Although you all know I'm HEAVY $AMC bias, I see a bit of panic over the $GME vote results. 

If I am reading correctly, y‚Ä¶",1402734280468578310,-0.5719
65,749,347,13,2043,False,Wed Jun 09 21:07:07 +0000 2021,@unusual_whales Only 5M?  Greater Fools will snatch that $GME up quick!,1402734023613501440,-0.2481
13,736,1432,2,1669,False,Wed Jun 09 21:07:53 +0000 2021,"RT @KongPosting: Although you all know I'm HEAVY $AMC bias, I see a bit of panic over the $GME vote results. 

If I am reading correctly, y‚Ä¶",1402734218535448576,-0.5719
20,685,109,3,29638,False,Wed Jun 09 21:07:48 +0000 2021,"RT @KongPosting: Although you all know I'm HEAVY $AMC bias, I see a bit of panic over the $GME vote results. 

If I am reading correctly, y‚Ä¶",1402734197391998977,-0.5719
53,685,109,3,29638,False,Wed Jun 09 21:07:24 +0000 2021,$GME @GameStop SALES INCREASED 25.1% in Q1!!!!!!!!!!!!!! üöÄüöÄüöÄüöÄüöÄüöÄüöÄüöÄüöÄüöÄüöÄüöÄüöÄüöÄüöÄüöÄüöÄüöÄüöÄüöÄ,1402734096690909190,0.6125
84,677,1638,2,4679,False,Wed Jun 09 21:06:45 +0000 2021,Pay attention #AMC #GME #MOASS https://t.co/nD3JTnwIYL,1402733933326786560,-0.1027
23,630,511,1,6882,False,Wed Jun 09 21:07:45 +0000 2021,"RT @rockstar_stocks: Don‚Äôt fear the dips, $amc apes. Looking at the data, 75%+ of shares could be sold at profit right now. This means that‚Ä¶",1402734185316597766,0.3182
56,589,2433,2,9456,False,Wed Jun 09 21:07:19 +0000 2021,"RT @TicTocTick: Warning ‚ö†Ô∏è was v crystal clear at 9 am. 

It asked to ‚Äúmanege‚Äù meme stocks not open new trades. 

Warning was issued for GM‚Ä¶",1402734075673198592,-0.3818
17,436,776,1,2889,False,Wed Jun 09 21:07:51 +0000 2021,"RT @jhuntermav: If you believe retail investors are selling $AMC or $GME today, you are misguided",1402734208171208705,0.0516
21,405,597,9,7197,False,Wed Jun 09 21:07:48 +0000 2021,"RT @ACararini: @SEC_Enforcement  Millions are watching! #AMC #GME #ApeStrongTogether #AMCSTRONG 
#FinancialTreason",1402734194862723082,0.0
58,377,1331,12,13928,False,Wed Jun 09 21:07:19 +0000 2021,"@SenatorDurbin @SenDuckworth to my senators, can you take a minute and call the SEC? I don't think they actually do their job. They are clearly looking the other way with Prime Brokers issuing naked shorts... I think that's illegal.

#amcstock  #amc #GME #GMEstock #nakedshorting",1402734073781571592,-0.2263
37,368,483,2,5826,False,Wed Jun 09 21:07:38 +0000 2021,@Lesage08306867 @SEC_Enforcement #AMC #GME https://t.co/nghIh4DStw,1402734154412957699,0.0
64,364,207,1,619,False,Wed Jun 09 21:07:08 +0000 2021,"RT @KongPosting: Although you all know I'm HEAVY $AMC bias, I see a bit of panic over the $GME vote results. 

If I am reading correctly, y‚Ä¶",1402734029376569353,-0.5719
49,364,207,1,619,False,Wed Jun 09 21:07:27 +0000 2021,RT @AMCAMCAMCAMCAM1: Just saw #amc got down to around 44 and #gme to  270 in AH. LOL. Yeah us #apes are selling üòÇüòÇüòÇüòÇüòÇüòÇ GTFOH #tictockbish,1402734109168967685,0.694
71,282,468,3,1244,False,Wed Jun 09 21:07:01 +0000 2021,RT @StockRetail: Lol hedgie. This AH massive drop on both $gme and $amc on zero catalysts when we all know how crowded 6/18 is? You‚Äôre gett‚Ä¶,1402733997923323904,0.3182
,user.followers_count,user.friends_count,user.listed_count,user.favourites_count,user.verified,created_at,full_text,id,sentiment
58,20088,18882,469,12518,False,Wed Jun 09 21:09:26 +0000 2021,"$ATOS LARGEST LOSS market today. Comical. OVERSHORTEDüëÄüìΩ

$TSLA $BYND $BB $NAKD $AMC $SOS $GME $SPY $QQQ $SPX $F $T $X $SAVE $DAL $DKNG $PENN $LUV $MVIS $TLRY $SNDL $ACN  $NCLH $RCL $AAL $BA $CCL $ABNB $UAL $VIX $STEM $CCIV #dogecoin $SNOW $SPOT $PRON $PLTR $RKT $EXPR $AMC $BIIB https://t.co/xt7fAy7tmg https://t.co/IAwHa7E0b3",1402734605883559944,-0.4648
19,14049,182,73,1579,False,Wed Jun 09 21:09:59 +0000 2021,"If you want to listen to the call, tune in for the live #GME #GMESqueeze #AMC #AMCSqueeze 

https://t.co/oA0EcreLdb",1402734743779790850,0.0772
5,11957,0,154,7561,False,Wed Jun 09 21:10:07 +0000 2021,"RT @jhuntermav: If you believe retail investors are selling $AMC or $GME today, you are misguided",1402734778047242240,0.0516
40,3536,916,74,2086,False,Wed Jun 09 21:09:43 +0000 2021,RT @StockRetail: Lol hedgie. This AH massive drop on both $gme and $amc on zero catalysts when we all know how crowded 6/18 is? You‚Äôre gett‚Ä¶,1402734676234706947,0.3182
42,2010,589,6,4670,False,Wed Jun 09 21:09:42 +0000 2021,"RT @KChampbell: Don't be stupid enough to fall for $CLOV. Again, same as we saw with $RKT. Always, $AMC or $GME.",1402734672107343875,0.4168
72,1997,1478,52,2755,False,Wed Jun 09 21:09:13 +0000 2021,"$GME 
GME They didn't even make any money want to sell more stock 300$ for this Trash book value 6$ per share Bloated POS This is just stupid",1402734552632770564,0.128
54,1647,791,5,17539,False,Wed Jun 09 21:09:27 +0000 2021,ü¶çü¶çü¶ç‚úäüèª‚úäüèªüíé#AMC $GME https://t.co/32R3fMli16,1402734610828627976,0.0
89,1411,5001,106,9877,False,Wed Jun 09 21:08:51 +0000 2021,"RT @TheStreet: GameStop Posts Quarterly Loss, Adds Amazon Execs, Plans 5 Million Share Sale; SEC Seeks Documents
https://t.co/wYq3OqMI2P
@m‚Ä¶",1402734459368136707,0.1531
0,1241,365,7,19545,False,Wed Jun 09 21:10:09 +0000 2021,RT @jimmilegs33: Cats out of the bag for both #GME and #AMC. More shares than the total float. Short sellers are going to toss Hail Marys a‚Ä¶,1402734788058943490,0.4201
80,1170,4925,13,23035,False,Wed Jun 09 21:09:04 +0000 2021,$GME down 6% in after hours trading,1402734514863063041,0.0
20,1150,99,27,14887,False,Wed Jun 09 21:09:57 +0000 2021,"This market has been so predictable all year, but S2 is going to get tricky 

Big patreon post dropping tomorrow: 
https://t.co/AlRXCNlbke

Topics:
$MSOS $AIKI $CMPS $CGC $GTBIF $MGM $GME $GNUS $AHT, 
Inflation not being transitory
#crudeoil still heard heard $80 $WTI
&amp; more! https://t.co/3MBS0BwkMx",1402734737182052352,-0.4753
91,1143,1434,7,2073,False,Wed Jun 09 21:08:48 +0000 2021,"Post and premarket fuckery at its finest.

I hear the SEC my do something eventually, once the hedgefunds bankrupt all the companies on the market

#AMCSqueeze #amc #gme #FinancialTreason #financialterrorism https://t.co/fewGkwneQU",1402734448806879234,-0.5574
10,1118,2340,2,77314,False,Wed Jun 09 21:10:03 +0000 2021,RT @jimmilegs33: Cats out of the bag for both #GME and #AMC. More shares than the total float. Short sellers are going to toss Hail Marys a‚Ä¶,1402734763077783556,0.4201
24,1058,1423,49,4112,False,Wed Jun 09 21:09:54 +0000 2021,"RT @Reuters: GameStop hires two Amazon executives to top roles, naming Matt Furlong as chief executive and Mike Recupero as CFO https://t.c‚Ä¶",1402734724695662597,0.3612
8,961,0,672,1,False,Wed Jun 09 21:10:05 +0000 2021,"GameStop sales rise 25% as the company chases e-commerce growth, embarks on a turnaround https://t.co/1supaNvOTd https://t.co/LEmPwtWwH8",1402734770732208131,0.5267
11,888,424,2,11997,False,Wed Jun 09 21:10:01 +0000 2021,"RT @CokeRatCramer: This dip is artificial, just like the tits I sniff off 

$GME $AMC",1402734755557355530,0.1531
35,877,5001,27,2681,False,Wed Jun 09 21:09:44 +0000 2021,"@CEOAdam Then where do the Institutional investors get the shares? How many synthetic shares are we talking about?
$AMC $GME #NakedShorts https://t.co/3gSgwMc8Y6",1402734682169610243,0.6072
86,736,1432,2,1671,False,Wed Jun 09 21:08:52 +0000 2021,"RT @jhuntermav: If you believe retail investors are selling $AMC or $GME today, you are misguided",1402734464531374083,0.0516
66,736,1432,2,1671,False,Wed Jun 09 21:09:18 +0000 2021,RT @CokeRatCramer: $GME will become the Amazon of gaming.,1402734575009284098,0.1779
6,717,2006,17,12633,False,Wed Jun 09 21:10:07 +0000 2021,"RT @jhuntermav: If you believe retail investors are selling $AMC or $GME today, you are misguided",1402734777174790153,0.0516
23,717,2006,17,12633,False,Wed Jun 09 21:09:57 +0000 2021,RT @rockstar_stocks: Hedge Funds under any circumstances cannot let $GME move too rapidly. We all follow #GME MOASS. There is no better pri‚Ä¶,1402734735672156162,0.1779
17,656,390,3,4470,False,Wed Jun 09 21:09:59 +0000 2021,#AME #GME https://t.co/QiUltgadlZ,1402734744551366659,0.0
92,656,390,3,4470,False,Wed Jun 09 21:08:48 +0000 2021,#AME #GME discount got me like https://t.co/PkZf509QUW,1402734448307695616,0.3612
51,601,3201,343,9316,False,Wed Jun 09 21:09:29 +0000 2021,"@Kr00ney $GME Should issue another couple million shares‚Äîat least!!‚Äî to top up at these prices‚Äîit‚Äôs free $$ .  After having paid back the 10% notes, #GameStop only has ¬±$330MM left over from April‚Äôs offering of 3.5MM shares for $551MM https://t.co/ZGJtBEUsCb https://t.co/4yZWrjIBSv",1402734620626587649,0.7835
32,550,516,0,1626,False,Wed Jun 09 21:09:48 +0000 2021,"RT @kwjyyc: $amc #amc #amcsqueeze #nakedshorts #gme $gme 
@TradesTrey @matt_kohrs @jhuntermav @CEOAdam
@cvpayne 

float = 501m 
80% owned b‚Ä¶",1402734701115289603,0.0
99,509,1057,0,13610,False,Wed Jun 09 21:08:41 +0000 2021,"RT @LordTrillions: #GAMESTOP EARNINGS PER SHARE NEARLY TWICE AS BETTER THAN EXPECTED,

$1.28B Q1 REVENUE

MATT FURLONG NAMED NEW CEO

$‚Äî0.4‚Ä¶",1402734420084203522,0.8442
65,508,325,9,7693,False,Wed Jun 09 21:09:20 +0000 2021,News:  $GME still really blows.  21 billion?  Really?,1402734579987931140,0.0
69,453,5001,11,106,False,Wed Jun 09 21:09:16 +0000 2021,RT @jimcramer: needless to say $GME not an earnings story,1402734563009482760,-0.1511
77,449,899,5,5098,False,Wed Jun 09 21:09:08 +0000 2021,RT @jimmilegs33: Cats out of the bag for both #GME and #AMC. More shares than the total float. Short sellers are going to toss Hail Marys a‚Ä¶,1402734529756897282,0.4201
46,437,264,12,4836,False,Wed Jun 09 21:09:33 +0000 2021,RT @lena_thelight: üßêüßêüßêüßêüßêüßêüßêüßêüßêüßêüßêüßêüßê#AMCSTOCK #NakedShorts #AMC #GME #FinancialTreason #AMCtothemoon #HODL #AMCAPES #AMCSqueeze #AMCSTRONG ü¶çü§ç#N‚Ä¶,1402734636485300227,0.0
67,437,264,12,4836,False,Wed Jun 09 21:09:18 +0000 2021,RT @lena_thelight: üßêüßêüßêüßêüßêüßêüßêüßêüßêüßêüßêüßêüßê#AMCSTOCK #NakedShorts #AMC #GME #FinancialTreason #AMCtothemoon #HODL #AMCAPES #AMCSqueeze #AMCSTRONG ü¶çü§ç#N‚Ä¶,1402734572912189442,0.0
30,436,776,1,2890,False,Wed Jun 09 21:09:49 +0000 2021,RT @jimmilegs33: Cats out of the bag for both #GME and #AMC. More shares than the total float. Short sellers are going to toss Hail Marys a‚Ä¶,1402734702734110723,0.4201
74,436,297,2,3831,False,Wed Jun 09 21:09:11 +0000 2021,"For every dollar #AMC falls, the more jacked, to the tits, I get. Keep up your #NakedShorting and your #bullshit‚Ä¶ I already have a fuck load of your money. I‚Äôll keep taking more. #Citadel, you‚Äôre üòöüí®üí®üí® the wrong shit. ü§¶üèº‚Äç‚ôÇÔ∏èü§∑üèº‚Äç‚ôÇÔ∏èü§£ #AMCSTRONG #AMCSqueeze #GME $GME #AMCARMY #AMC100K https://t.co/mGw5WdGO9o",1402734545489825792,-0.9022
48,390,195,0,1914,False,Wed Jun 09 21:09:31 +0000 2021,RT @masked_investor: I keep bringing this up because I said we owned over 95% of the float weeks ago using my EYES! @SEC_Enforcement are yo‚Ä¶,1402734629291954180,0.0
34,372,1855,18,21774,False,Wed Jun 09 21:09:44 +0000 2021,"RT @KongPosting: Although you all know I'm HEAVY $AMC bias, I see a bit of panic over the $GME vote results. 

If I am reading correctly, y‚Ä¶",1402734683864145920,-0.5719
60,347,148,9,1991,False,Wed Jun 09 21:09:25 +0000 2021,@KongPosting They're pissing themselves because GME wants to raise cash through equity and they've been pointing and laughing at us despite it being the smart thing to do for the business and by extension shareholders.,1402734601618006031,0.4939
16,296,286,1,55682,False,Wed Jun 09 21:09:59 +0000 2021,"RT @rockstar_stocks: Breaking: The FED has done it, ladies and gentlemen. It pumped over $502 billion into the repo market. We are official‚Ä¶",1402734745750999042,0.1027
52,290,249,0,15865,False,Wed Jun 09 21:09:29 +0000 2021,RT @RocketsR8R: @KongPosting No panic on either front. GME is cooperating with the SEC for an ongoing investigation of their stock per the‚Ä¶,1402734619406094337,-0.6705
75,281,34,0,7348,False,Wed Jun 09 21:09:11 +0000 2021,"RT @kevwetzel: Look at Citadel trying to smack the price down, crazy to see that 3 weeks in a row. #amc $amc #gme $gme",1402734543556259850,-0.34
78,281,34,0,7348,False,Wed Jun 09 21:09:06 +0000 2021,"RT @ACararini: @SEC_Enforcement  Millions are watching! #AMC #GME #ApeStrongTogether #AMCSTRONG 
#FinancialTreason",1402734522458951689,0.0
53,281,34,0,7348,False,Wed Jun 09 21:09:27 +0000 2021,"RT @KongPosting: Although you all know I'm HEAVY $AMC bias, I see a bit of panic over the $GME vote results. 

If I am reading correctly, y‚Ä¶",1402734611147468803,-0.5719
2,276,429,0,48982,False,Wed Jun 09 21:10:08 +0000 2021,RT @JamesCullenB: Anyone panic selling $AMC right now is cray. Im still holding FULL. Gonna run it up. $100+ easily attainable but we gonna‚Ä¶,1402734783847800832,-0.1154
81,265,2401,3,6787,False,Wed Jun 09 21:09:02 +0000 2021,"Great standards @CNBC this is   called open market 
..unlike CNBC with hidden agenda 
Only showing JUST when $gme tanks..of course you are a tool in hands of mafia  https://t.co/GfvxJuscCw

Nasdaq Short Interest Days Nasdaq Short Interest Days NEW YORK, June 09, 2021 (GLOBE NEWSW",1402734506008788994,0.8779
61,258,406,1,2364,False,Wed Jun 09 21:09:24 +0000 2021,RT @rockstar_stocks: $GME first quarter sales grew 25% year over year! #gme #GMESqueeze,1402734596559626240,0.0
37,258,406,1,2364,False,Wed Jun 09 21:09:43 +0000 2021,RT @jimmilegs33: Cats out of the bag for both #GME and #AMC. More shares than the total float. Short sellers are going to toss Hail Marys a‚Ä¶,1402734677656576001,0.4201
,user.followers_count,user.friends_count,user.listed_count,user.favourites_count,user.verified,created_at,full_text,id,sentiment
53,94286,146,984,9529,False,Wed Jun 09 21:10:37 +0000 2021,This is what the GameStop $GME conference call looks like in 2021 üòÇüòÇüòÇüòÇ https://t.co/BAX05kIdzA,1402734904689975299,0.3612
22,56535,12,75,5,False,Wed Jun 09 21:10:53 +0000 2021,"RT @aaaamhim: $ATOS LARGEST LOSS market today. Comical. OVERSHORTEDüëÄüìΩ

$TSLA $BYND $BB $NAKD $AMC $SOS $GME $SPY $QQQ $SPX $F $T $X $SAVE $‚Ä¶",1402734973593980934,-0.4648
21,26935,12,158,3830,False,Wed Jun 09 21:10:53 +0000 2021,"$gme reports operating loss of 40.8 million dollars compared to an operating loss of 108 million dollars last year first quarter :) JESUS CHRISTTTTT THIS IS GETTING ME FUCKING HARD&gt;!!!
 #gme #GMESqueeze",1402734973786935299,-0.3561
23,9929,20,210,6441,False,Wed Jun 09 21:10:53 +0000 2021,"With $GME $AMC and $BB down big in after hours, it‚Äôs a good idea to understand how a short squeeze works and why it‚Äôs dangerous. You are pretty much betting against the odds and hedge funds. 

https://t.co/Y25c9lK6DH",1402734970443952128,0.0516
44,9333,15,115,14857,False,Wed Jun 09 21:10:41 +0000 2021,"RT @AT09_Trader: üö®[New Video]üö®

- Proper Account Size You Need
- Can You Still Make Money Trading Meme Stocks? 

https://t.co/kNOmKoDEBl

@‚Ä¶",1402734921693548544,0.0
7,2263,2826,23,6742,False,Wed Jun 09 21:11:09 +0000 2021,"RT @matt_kohrs: ""Financial Treason"" with Wes Christian.
Share these crazy insights with a fellow Ape.
#AMC #GME #FinancialTreason 

https:/‚Ä¶",1402735039176134662,-0.4767
14,1922,2648,27,94539,False,Wed Jun 09 21:11:04 +0000 2021,RT @StockMKTNewz: This is what the GameStop $GME conference call looks like in 2021 üòÇüòÇüòÇüòÇ https://t.co/BAX05kIdzA,1402735019714613254,0.3612
52,1649,454,8,6639,False,Wed Jun 09 21:10:37 +0000 2021,"However, the fight right now to level the playing field with #AMC &amp; #GME will help everyone, bc we will sell &amp; be taxed, which benefits the entire economy. We then can help &amp; grow more wealth for the 99%, continuing to push back against a systematic design to hold us down. (2/2)",1402734904811479040,0.8883
38,1361,1767,3,17200,False,Wed Jun 09 21:10:44 +0000 2021,RT @MrDavidNIO: We Hold The Line! We Are Sparta! We Don't Give Up! There Is NO WAY OUT Kenny! #GME #AMC https://t.co/EjxZYOYvyu,1402734933894963201,-0.3184
0,960,682,8,13802,False,Wed Jun 09 21:11:13 +0000 2021,"$GME
wake up call for some ‚òïÔ∏è https://t.co/FCVc6GUBD6",1402735055995351046,0.0
65,879,1879,1,1817,False,Wed Jun 09 21:10:27 +0000 2021,"Was an ape who authentically supported $CLOV, made multiples off it and put in $AMC

To apes that think every $CLOV supporter is a shill; there are authentic long-term supporters of it, and being called shills has led many of them resent $AMC and $GME

#apestogetherstrong",1402734862449192963,0.7003
31,705,2394,7,13390,False,Wed Jun 09 21:10:48 +0000 2021,RT @jimmilegs33: Cats out of the bag for both #GME and #AMC. More shares than the total float. Short sellers are going to toss Hail Marys a‚Ä¶,1402734952089804802,0.4201
54,613,1260,1,1096,False,Wed Jun 09 21:10:37 +0000 2021,#amc #gme #bullishAF #FinancialTreason the end is nigh https://t.co/3HtNxxxvYd,1402734904614526982,0.0
15,597,971,4,19055,False,Wed Jun 09 21:11:04 +0000 2021,RT @tenronotrin: ‚ÄúTotally normal‚Äù simultaneous dips $AMC $GME $BB $KOSS #NakedShorting #NakedShorts https://t.co/uq5dHQpJwR,1402735017999187969,0.0
68,563,770,0,4865,False,Wed Jun 09 21:10:24 +0000 2021,"RT @KongPosting: Although you all know I'm HEAVY $AMC bias, I see a bit of panic over the $GME vote results. 

If I am reading correctly, y‚Ä¶",1402734850109579267,-0.5719
18,493,4,2,14,False,Wed Jun 09 21:10:58 +0000 2021,"Given the turbulence in extended hours, I am not putting a new $GME chart up tonight. High chance of being invalidated by morning.  New CEO/CFO announcement + major earnings beat always means price should drop 10% right? Nice try! When dust settles I'll toss a new one up. üíéüôåüöÄ",1402734993898606594,0.6476
39,462,610,1,12805,False,Wed Jun 09 21:10:44 +0000 2021,"Rob the rich and give it to the poor.
Is that why you halted trading $GME stonk for the Apes? https://t.co/JiAvZ3JKP3",1402734932762431494,-0.7717
56,437,264,12,4838,False,Wed Jun 09 21:10:36 +0000 2021,"RT @masked_investor: If you want to listen to the call, tune in for the live #GME #GMESqueeze #AMC #AMCSqueeze 

https://t.co/oA0EcreLdb",1402734899891773442,0.0772
33,395,118,3,11025,False,Wed Jun 09 21:10:47 +0000 2021,@jimcramer JIM NO $GME. WE JUST TALKED ABOUT THIS 30 MINUTES AGO. FFS.,1402734948491137024,-0.8159
3,377,431,8,8648,False,Wed Jun 09 21:11:10 +0000 2021,"RT @DontFeedBear: With $GME $AMC and $BB down big in after hours, it‚Äôs a good idea to understand how a short squeeze works and why it‚Äôs dan‚Ä¶",1402735044653948931,0.4404
20,336,323,3,23705,False,Wed Jun 09 21:10:57 +0000 2021,"RT @rockstar_stocks: Net sales increased 25.1% to 1.3 billion, compared to 1 billion in the year prior. $GME #GME #GMESqueeze #GMEstock",1402734987762409475,0.2732
29,292,588,2,19877,False,Wed Jun 09 21:10:49 +0000 2021,This $GME shareholders call is juicy.,1402734956053352450,0.0
42,286,1065,1,87507,False,Wed Jun 09 21:10:41 +0000 2021,"RT @SoggySorkin: DADDY DOESNT LIKE THIS ONE BIT!
#FinancialTreason $GME $AMC https://t.co/5sUMkmsBYW",1402734922113204227,-0.4487
76,286,1065,1,87507,False,Wed Jun 09 21:10:13 +0000 2021,"RT @matt_kohrs: ""Financial Treason"" with Wes Christian.
Share these crazy insights with a fellow Ape.
#AMC #GME #FinancialTreason 

https:/‚Ä¶",1402734805809303552,-0.4767
30,284,473,5,20160,False,Wed Jun 09 21:10:49 +0000 2021,"RT @masked_investor: If you want to listen to the call, tune in for the live #GME #GMESqueeze #AMC #AMCSqueeze 

https://t.co/oA0EcreLdb",1402734954711244800,0.0772
11,258,406,1,2365,False,Wed Jun 09 21:11:07 +0000 2021,"RT @rockstar_stocks: Net sales increased 25.1% to 1.3 billion, compared to 1 billion in the year prior. $GME #GME #GMESqueeze #GMEstock",1402735029273436164,0.2732
,user.followers_count,user.friends_count,user.listed_count,user.favourites_count,user.verified,created_at,full_text,id,sentiment
62,94286,146,984,9530,False,Wed Jun 09 21:15:04 +0000 2021,GameStop $GME really just ended their conference call after 10 minutes with no Q&amp;A üòÇüòÇüòÇüòÇüòÇüòÇüòÇ https://t.co/uJUDZB1u8F,1402736026653708292,-0.296
64,92035,226,1099,9159,True,Wed Jun 09 21:15:00 +0000 2021,"$CLNE has taken the top spot on WallStreetBets (via Swaggy Stocks)

1. $CLNE
2. $CLOV
3. $CLF
4. $WKHS
5. $AMC
6. $TLRY
7. $GME
8. $BB
9 $UWMC
10. $WEN https://t.co/0DK1TaqDcN",1402736006714081288,0.2023
77,33300,69,763,15620,False,Wed Jun 09 21:14:44 +0000 2021,$GME selling 5M shares ATM to raise money https://t.co/weTppCeStS,1402735938812452872,0.296
1,33069,158,150,9525,False,Wed Jun 09 21:16:16 +0000 2021,"@ElTigreGooner GME had a pre earnings rally. 
Their earnings were pretty good tbh

They dropped an 8k form in AH that disclosed less votes were cast than shares outstanding and people started to panic a bit.",1402736327183933442,0.7096
97,24157,2155,404,2232,True,Wed Jun 09 21:14:23 +0000 2021,"GameStop earnings call just ended. 12 minutes, no Q&amp;A. Is that a new record? $GME",1402735854192312325,-0.1027
45,11957,0,154,7561,False,Wed Jun 09 21:15:19 +0000 2021,"RT @jhuntermav: There is no spoon

$AMC $GME",1402736089476087812,-0.296
39,9622,2890,310,118262,True,Wed Jun 09 21:15:30 +0000 2021,The GameStop $GME earnings call was 10 minutes long with no analyst Q&amp;A.,1402736132727742472,-0.0516
63,6599,416,144,443,True,Wed Jun 09 21:15:00 +0000 2021,"Ahead of $GME earnings, Research Analyst, @MichaelPachter says ‚Äúthe bullish views of retail investors and GameStop‚Äôs long-awaited transformation strategy continue to overshadow actual results.‚Äù #GME https://t.co/EscBjOKIAo",1402736007573753856,0.5994
72,4942,0,156,21,False,Wed Jun 09 21:14:50 +0000 2021,"GameStop says excited about emerging console cycle
$GME",1402735964523487235,0.5859
98,3160,3506,7,6548,False,Wed Jun 09 21:14:23 +0000 2021,A 12 minute call on GME.   WOW.... I am HIGHLY Disappointed they didn't get into ANYTHING other than the numbers.  They are going to have to do a WHOLE LOT Better than that to get me interested in their STOCK. @gamestopcorp  How about a little more substance than just reading ?,1402735853575757830,0.1215
12,2409,2076,9,7818,False,Wed Jun 09 21:16:03 +0000 2021,"RT @roscal_nyc: Everyone needs to share the shit out of this. YA WANT TO WIN.. let‚Äôs goooo
#NakedShorts #apestogetherstrong 

 #AMC  #GME h‚Ä¶",1402736271647256576,0.8038
68,2247,1933,39,13490,False,Wed Jun 09 21:14:56 +0000 2021,RT @realwillmeade: #GME $GME,1402735992327622660,0.0
11,1660,1862,7,49697,False,Wed Jun 09 21:16:04 +0000 2021,"RT @ruinedxjosh: Make it make sense...

Simultaneous after-hours dip after $AMC announced that there are 4.1m individual voting eligible sh‚Ä¶",1402736275568807938,0.0
4,1367,2838,2,4372,False,Wed Jun 09 21:16:12 +0000 2021,"RT @Harder2000: @ambercollettte + insiders..

And that does not include ineligible voters, borrowed stock, shorts and #NakedShorts .. 

#SE‚Ä¶",1402736310490734601,0.0
53,1334,769,9,11099,False,Wed Jun 09 21:15:10 +0000 2021,"@chilledsouped @jonny_red32 Nope, manipulation is not dropping $gme",1402736048082464768,0.2235
66,1157,2576,45,27312,False,Wed Jun 09 21:14:58 +0000 2021,#BUY BUY BUY #HODL HODL HODL #AMC #GME #MOASS #FOMO #LFG üìàüìàüìàüöÄüöÄüöÄüíéüíéüíéü¶çü¶çü¶ç#AMCSqueeze #MarginCallCitadel #NAKEDSHORTSYEAH https://t.co/eHEeP4Avcu,1402735999558381568,0.8971
36,1018,232,31,13758,False,Wed Jun 09 21:15:31 +0000 2021,"$GME Q1 Earnings
EPS: -$1.01 vs. -$0.82 Expected 
Revenue: $1.28B vs. $1.16B Expected",1402736139795054595,0.2023
59,908,1883,3,26482,False,Wed Jun 09 21:15:05 +0000 2021,"Make it make sense...

Simultaneous after-hours dip after $AMC announced that there are 4.1m individual voting eligible shareholders and $GME crushed analyst expectations for Q1.

MAKE IT MAKE SENSE https://t.co/WHXwujMgm0",1402736030734684162,-0.4215
75,618,1054,1,3723,False,Wed Jun 09 21:14:48 +0000 2021,"RT @airtotherun: #FinancialTreason is trending. Let‚Äôs keep it trending, Apes! $AMC

#NakedShorts #AMC #AMCSqueeze #GME $gme",1402735958789873670,0.0
8,559,55,212,6,False,Wed Jun 09 21:16:08 +0000 2021,"üá∫üá∏ Dow Jones Futures: Market Rally Eyes Inflation Data As Treasury Yields Hit Lows; GME down üìâs On Stock Sale Plans As Clover Health, AMC, Wendy's down üìâ; RH Earnings Surge https://t.co/KdX05jnSaJ YAHOO!",1402736291880398851,0.126
96,511,626,0,3549,False,Wed Jun 09 21:14:25 +0000 2021,RT @ElsaToDaMoon: LET'S GOOOOO!!üöÄüöÄüöÄ#AMC #AMCARMY #GME #GMEARMY The heat got to me. üòÖ This was fun! SADDLE UP APENATION WE HAVE ALREADY WON!‚Ä¶,1402735862702616582,0.6671
23,492,506,0,1852,False,Wed Jun 09 21:15:52 +0000 2021,"#AMC #GME
Get ready for big F'kery
Turn up the ol ""don't give a F"" dial https://t.co/CXe42VbHEg",1402736227380613123,0.3612
95,489,357,4,31097,False,Wed Jun 09 21:14:26 +0000 2021,"RT @jhuntermav: If you believe retail investors are selling $AMC or $GME today, you are misguided",1402735864418086922,0.0516
85,426,850,25,6653,False,Wed Jun 09 21:14:35 +0000 2021,"Everything for that $GME call was good. All Bullish. A well timed short ladder and the old saying ‚Äúbuy the hype, sell the news‚Äù hit. Share count on #GME and $AMC is sus. Either way, we Hold. https://t.co/kvUHquZWMY",1402735903433428992,0.875
86,421,640,3,131049,False,Wed Jun 09 21:14:35 +0000 2021,@KongPosting What exactly happened for us that are not on the loop of GME,1402735903060209666,0.0
7,395,110,0,578,False,Wed Jun 09 21:16:12 +0000 2021,RT @StockRetail: Lol hedgie. This AH massive drop on both $gme and $amc on zero catalysts when we all know how crowded 6/18 is? You‚Äôre gett‚Ä¶,1402736307852488708,0.3182
81,368,483,2,5838,False,Wed Jun 09 21:14:40 +0000 2021,"RT @jhuntermav: I‚Äôm going to get to the bottom of naked shorting, specifically as it pertains to $AMC and $GME.  My findings will be includ‚Ä¶",1402735922735681536,-0.1027
46,347,148,9,1991,False,Wed Jun 09 21:15:17 +0000 2021,"@rockstar_stocks Numbers I saw sounded like they're doing well, not sure why GME holders paperhanding, not heard a single piece of bad news.",1402736078608605188,-0.2173
38,335,625,2,776,False,Wed Jun 09 21:15:30 +0000 2021,"Hey $GME tards I've got something to let you know.

THE BEST IS YET TO COME. https://t.co/1u2SOtcPxf https://t.co/qqfOCCRqzn",1402736133583278088,0.5319
56,306,111,2,607,False,Wed Jun 09 21:15:07 +0000 2021,Temple University Hospital Office of Graduate Medical Education cordially invites you to attend the GME Graduation Virtual Celebration. The celebration will be available to view live on YouTube. #TempleGME2021 #TempleGrad üéâ üéì https://t.co/KAnPo466Gd,1402736038850842631,0.7269
92,280,3,3,12,False,Wed Jun 09 21:14:27 +0000 2021,"Apes together strong.
$GME $AMC $DOGE $BTC $BB $NAKD $TSLA $SND https://t.co/TPmB682f2f",1402735870474473478,0.1027
65,279,464,1,13676,False,Wed Jun 09 21:14:58 +0000 2021,"RT @TaraBull808: Class Action Lawsuit 

In regard to damages done in January when the buy button was turned off.

$AMC $GME #AMC #GME",1402735999713689600,-0.0258
13,276,1093,7,60487,False,Wed Jun 09 21:16:01 +0000 2021,"RT @KongPosting: Although you all know I'm HEAVY $AMC bias, I see a bit of panic over the $GME vote results. 

If I am reading correctly, y‚Ä¶",1402736263808139265,-0.5719
14,255,1947,9,13283,False,Wed Jun 09 21:16:00 +0000 2021,"RT @GMEshortsqueeze: $GME New CEO &amp; CFO from Amazon!

WOAH! https://t.co/JCzaB6pIfp",1402736261526265857,0.3147
,user.followers_count,user.friends_count,user.listed_count,user.favourites_count,user.verified,created_at,full_text,id,sentiment
38,26941,12,158,3833,False,Wed Jun 09 21:16:45 +0000 2021,"Conference is over. 10/10 hype. There was only one small figure in all of it that wasn't bullish. 

#GameStop has an amazing start with cutting loses and increasing profits. $AMC apes, get excited because what happens over here matters over there!
$GME #GME #GMESqueeze #GMEstock",1402736449863229445,0.5553
25,7399,6653,27,18979,False,Wed Jun 09 21:16:59 +0000 2021,"RT @rockstar_stocks: Conference is over. 10/10 hype. There was only one small figure in all of it that wasn't bullish. 

#GameStop has an a‚Ä¶",1402736506880544777,-0.3412
8,4879,165,67,6085,False,Wed Jun 09 21:17:10 +0000 2021,"Notice $GME posted a double beat and still dropped AH. I won‚Äôt even bother discussing fundamentals, it‚Äôs worth maybe $50 until we see a real game plan. https://t.co/cgV7zYfgVG",1402736553697312768,-0.296
56,2446,802,8,17213,False,Wed Jun 09 21:16:22 +0000 2021,"RT @adam09446554: @dailystocktalk With the news from GME today and ongoing, along with AMC‚Äôs news in the past hour, I gotta think Wall Stre‚Ä¶",1402736352630824964,0.0
53,2437,634,92,52541,False,Wed Jun 09 21:16:26 +0000 2021,u wana buy my gme shares? sure 150k each,1402736368913195008,0.8271
29,2052,595,55,69,False,Wed Jun 09 21:16:55 +0000 2021,"Considering the relatively low weekly options volume/open interest and reaction to earnings, is $GME is over??? https://t.co/KuXTOOUsnw",1402736491525193733,0.5775
9,2042,979,5,30826,False,Wed Jun 09 21:17:10 +0000 2021,"RT @CokeRatCramer: This dip is artificial, just like the tits I sniff off 

$GME $AMC",1402736553244438529,0.1531
52,1660,1862,7,49703,False,Wed Jun 09 21:16:27 +0000 2021,"RT @ElsaToDaMoon: I HAVE NOT SOLD 1 single share of either #AMC or #GME. I'M COMMITTED 100%. YALL ALREADY KNOW, WHEN I COMMIT ALL I DO IS W‚Ä¶",1402736371626778628,0.5964
37,1180,2632,21,1701,False,Wed Jun 09 21:16:46 +0000 2021,"$GME is DOWN -$26.31 during the AH ü§î

This is a WILD Stock! The only thing that's fun to watch! https://t.co/rkoV0MDhwA https://t.co/pZ6bjHt1G2",1402736450815283209,0.5972
59,1148,883,37,54534,False,Wed Jun 09 21:16:21 +0000 2021,"RT @Kr00ney: GameStop earnings call just ended. 12 minutes, no Q&amp;A. Is that a new record? $GME",1402736346863751169,-0.1027
42,1078,2791,1,8472,False,Wed Jun 09 21:16:36 +0000 2021,"RT @KongPosting: Although you all know I'm HEAVY $AMC bias, I see a bit of panic over the $GME vote results. 

If I am reading correctly, y‚Ä¶",1402736410017292294,-0.5719
2,905,913,21,11473,False,Wed Jun 09 21:17:19 +0000 2021,RT @rockstar_stocks: $gme reports operating loss of 40.8 million dollars compared to an operating loss of 108 million dollars last year fir‚Ä¶,1402736591257362434,-0.5574
39,563,1289,0,1008,False,Wed Jun 09 21:16:45 +0000 2021,"RT @davidbr813: Retweet! #HoldTheMarketAccountable In a merger doc, APEX discloses that they are being sued for massive market manipulation‚Ä¶",1402736448076501001,0.0
41,320,417,3,2668,False,Wed Jun 09 21:16:38 +0000 2021,"@Katniss_Amc And I go way back to 4.25 and gme before that.. I know the game. But that‚Äôs the beauty of a platform, to get others to learn so they themselves dont falll for its it‚Äôs same play by play as before",1402736419546804229,0.8225
60,263,199,4,1749,False,Wed Jun 09 21:16:20 +0000 2021,"Yeah, I called the top yesterday at 918am $GME https://t.co/iarKn7qOL5",1402736344326152199,0.4588
